tmdb_id,kind,title,country,platform,theatrical_release,first_seen_streaming,window_days
1437143,movie,"KJQ",in,"Prime Video",2026-08-07,2026-08-31,24
1750516,movie,"Pallaburusu",in,"Prime Video",2026-08-14,2026-09-02,19
1228710,movie,"The Mandalorian and Grogu",de,"Disney+",2026-05-20,2026-09-04,107
1479832,movie,"DC",in,"Sun Nxt",2026-08-07,2026-09-04,28
1479832,movie,"DC",ae,"Sun Nxt",2026-08-06,2026-09-04,29
1228710,movie,"The Mandalorian and Grogu",us,"Disney+",2026-05-22,2026-09-06,107
1228710,movie,"The Mandalorian and Grogu",uk,"Disney+",2026-05-22,2026-09-06,107
1228710,movie,"The Mandalorian and Grogu",au,"Disney+",2026-05-21,2026-09-06,108
1228710,movie,"The Mandalorian and Grogu",ca,"Disney+",2026-05-22,2026-09-06,107
1228710,movie,"The Mandalorian and Grogu",sg,"Disney+",2026-05-21,2026-09-06,108
1081003,movie,"Supergirl",uk,"HBO Max",2026-06-25,2026-09-09,76
1081003,movie,"Supergirl",au,"HBO Max",2026-06-25,2026-09-09,76
1081003,movie,"Supergirl",de,"HBO Max",2026-06-25,2026-09-09,76
1325734,movie,"The Drama",us,"HBO Max",2026-04-03,2026-09-10,160
1325734,movie,"The Drama",au,"HBO Max",2026-04-02,2026-09-10,161
1325734,movie,"The Drama",ca,"Paramount+",2026-04-02,2026-09-10,161
1506833,movie,"Magudam",in,"Prime Video",2026-08-14,2026-09-11,28
1081003,movie,"Supergirl",us,"HBO Max",2026-06-26,2026-09-12,78
1081003,movie,"Supergirl",sg,"HBO Max",2026-06-24,2026-09-12,80
1408162,movie,"Vishwanath & Sons",in,"Netflix",2026-08-14,2026-09-12,29
1408162,movie,"Vishwanath & Sons",ae,"Netflix",2026-08-14,2026-09-12,29
1081003,movie,"Supergirl",ca,"Crave",2026-06-25,2026-09-15,82
1368337,movie,"The Odyssey",de,"WOW",2026-07-16,2026-09-17,63
1441228,movie,"Irumudi",ae,"Netflix",2026-08-21,2026-09-19,29
1339713,movie,"Obsession",ca,"Prime Video",2026-05-15,2026-09-19,127
1685882,movie,"Modha Rathri",in,"Netflix",2026-08-21,2026-09-20,30
1212763,movie,"Evil Dead Burn",id,"Catchplay",2026-07-17,2026-09-22,67
1756558,movie,"Myth Schalke - A life long",de,"Sky Go",2026-08-27,2026-09-22,26
1084244,movie,"Toy Story 5",uk,"Disney+",2026-06-19,2026-09-24,97
1084244,movie,"Toy Story 5",de,"Disney+",2026-07-23,2026-09-24,63
1560208,movie,"Ramba Oorvasi Menaka",in,"Prime Video",2026-09-04,2026-09-25,21
1284465,movie,"The Death of Robin Hood",in,"Prime Video",2026-07-03,2026-09-25,84
1084244,movie,"Toy Story 5",au,"Disney+",2026-06-18,2026-09-25,99
1560208,movie,"Ramba Oorvasi Menaka",ae,"Prime Video",2026-09-04,2026-09-25,21
1084244,movie,"Toy Story 5",ca,"Disney+",2026-06-19,2026-09-25,98
1084244,movie,"Toy Story 5",sg,"Disney+",2026-06-18,2026-09-25,99
1084244,movie,"Toy Story 5",nz,"Disney+",2026-06-18,2026-09-25,99
1084244,movie,"Toy Story 5",kr,"Disney+",2026-06-17,2026-09-25,100
1083381,movie,"Backrooms",us,"HBO Max",2026-05-29,2026-09-26,120
1083381,movie,"Backrooms",ca,"Prime Video",2026-05-28,2026-09-28,123
1771989,movie,"Mitti De Putt",in,"KableOne",2026-09-18,2026-09-30,12
1049064,movie,"Mahendragiri Vaaraahi",in,"Prime Video",2026-09-11,2026-10-02,21
1269325,movie,"Drishyam: The Conclusion",id,"Prime Video",2026-10-02,2026-10-02,0
1167366,movie,"Uranus 2324",ph,"Netflix",2026-09-23,2026-10-02,9
1269325,movie,"Drishyam: The Conclusion",us,"Prime Video",2026-10-02,2026-10-06,4
1317872,movie,"Sardar 2",in,"Prime Video",2026-09-10,2026-10-06,26
1317872,movie,"Sardar 2",ae,"Prime Video",2026-09-10,2026-10-06,26
1084244,movie,"Toy Story 5",br,"Disney+",2026-06-18,2026-10-07,111
1084244,movie,"Toy Story 5",mx,"Disney+",2026-06-17,2026-10-07,112
1084244,movie,"Toy Story 5",es,"Disney+",2026-06-17,2026-10-07,112
969681,movie,"Spider-Man: Brand New Day",br,"Claro tv+",2026-07-29,2026-10-07,70
969681,movie,"Spider-Man: Brand New Day",id,"Catchplay",2026-07-29,2026-10-09,72
1291595,movie,"Insidious: Out of the Further",id,"Catchplay",2026-08-19,2026-10-09,51
1465943,movie,"Mandaadi",in,"Netflix",2026-09-10,2026-10-09,29
1603779,movie,"Paris Cafe",in,"Prime Video",2026-09-18,2026-10-09,21
1604274,movie,"Maremma",in,"Prime Video",2026-09-10,2026-10-09,29
1084244,movie,"Toy Story 5",us,"Disney+",2026-06-19,2026-10-09,112
1291595,movie,"Insidious: Out of the Further",br,"Claro tv+",2026-08-20,2026-10-09,50
950028,movie,"The Invite",br,"Claro tv+",2026-07-09,2026-10-09,92
1083381,movie,"Backrooms",br,"Claro tv+",2026-05-28,2026-10-10,135
1083381,movie,"Backrooms",es,"Movistar Plus+",2026-06-05,2026-10-10,127
